{
  "controller/App.controller.js": 1756193278558,
  "i18n/i18n.properties": 1756193278558,
  "controller/View1.controller.js": 1756193278558,
  "model/models.js": 1756193278558,
  "manifest.json": 1756193278558,
  "Component.js": 1756193278558,
  "model/models-dbg.js": 1756193278558,
  "model/models.js.map": 1756193649479,
  "controller/View1-dbg.controller.js": 1756193278558,
  "controller/View1.controller.js.map": 1756193649491,
  "controller/App-dbg.controller.js": 1756193278558,
  "controller/App.controller.js.map": 1756193649464,
  "Component-dbg.js": 1756193278558,
  "Component.js.map": 1756193649476,
  "Component-preload.js": 1756193649567,
  "Component-preload.js.map": 1756193649567,
  "view/View1.view.xml": 1756193278558,
  "view/App.view.xml": 1756193278558,
  "css/style.css": 1756193278558,
  "index.html": 1756193278558
}