{
  "controller/App.controller.js.map": 1755792465873,
  "controller/View1.controller.js": 1755792331875,
  "model/models.js": 1755775523933,
  "controller/App.controller.js": 1755775523933,
  "manifest.json": 1755775551054,
  "Component.js": 1755775523925,
  "model/models-dbg.js": 1755775523933,
  "model/models.js.map": 1755792465874,
  "controller/View1-dbg.controller.js": 1755792331875,
  "controller/View1.controller.js.map": 1755792465882,
  "controller/App-dbg.controller.js": 1755775523933,
  "i18n/i18n.properties": 1755775551054,
  "Component-dbg.js": 1755775523925,
  "Component.js.map": 1755792465875,
  "Component-preload.js": 1755792466101,
  "Component-preload.js.map": 1755792466101,
  "view/View1.view.xml": 1755776911096,
  "view/App.view.xml": 1755775523937,
  "css/style.css": 1755790741368,
  "index.html": 1755775523925
}