{
  "Component-dbg.js": 1755775523925,
  "controller/App.controller.js": 1755775523933,
  "controller/View1.controller.js": 1755779840998,
  "model/models.js": 1755775523933,
  "manifest.json": 1755775551054,
  "Component.js": 1755775523925,
  "controller/View1-dbg.controller.js": 1755779840998,
  "controller/View1.controller.js.map": 1755785311535,
  "controller/App-dbg.controller.js": 1755775523933,
  "controller/App.controller.js.map": 1755785311524,
  "model/models-dbg.js": 1755775523933,
  "model/models.js.map": 1755785311531,
  "i18n/i18n.properties": 1755775551054,
  "Component.js.map": 1755785311531,
  "Component-preload.js": 1755785311628,
  "Component-preload.js.map": 1755785311628,
  "view/View1.view.xml": 1755776911096,
  "view/App.view.xml": 1755775523937,
  "css/style.css": 1755775523937,
  "index.html": 1755775523925
}