{
  "i18n/i18n.properties": 1756193278558,
  "manifest.json": 1756193278558,
  "controller/View1.controller.js": 1756892377453,
  "controller/App.controller.js": 1756193278558,
  "model/models.js": 1756193278558,
  "Component.js": 1756193278558,
  "Component-dbg.js": 1756193278558,
  "Component.js.map": 1757419024579,
  "controller/App-dbg.controller.js": 1756193278558,
  "controller/App.controller.js.map": 1757419024578,
  "model/models-dbg.js": 1756193278558,
  "model/models.js.map": 1757419024579,
  "controller/View1-dbg.controller.js": 1756892377453,
  "controller/View1.controller.js.map": 1757419024587,
  "Component-preload.js": 1757419024798,
  "Component-preload.js.map": 1757419024798,
  "view/View1.view.xml": 1756193278558,
  "view/App.view.xml": 1756193278558,
  "css/style.css": 1756193278558,
  "index.html": 1756193278558
}