{
  "manifest.json": 1755775551054,
  "i18n/i18n.properties": 1755775551054,
  "controller/View1.controller.js": 1755779840998,
  "controller/App.controller.js": 1755775523933,
  "model/models.js": 1755775523933,
  "Component.js": 1755775523925,
  "model/models-dbg.js": 1755775523933,
  "model/models.js.map": 1755782045674,
  "controller/App-dbg.controller.js": 1755775523933,
  "controller/App.controller.js.map": 1755782045672,
  "controller/View1-dbg.controller.js": 1755779840998,
  "controller/View1.controller.js.map": 1755782045681,
  "Component-dbg.js": 1755775523925,
  "Component.js.map": 1755782045673,
  "Component-preload.js": 1755782045947,
  "Component-preload.js.map": 1755782045947,
  "view/View1.view.xml": 1755776911096,
  "view/App.view.xml": 1755775523937,
  "css/style.css": 1755775523937,
  "index.html": 1755775523925
}